id,consequents,antecedent support,consequent support,support,confidence,lift,leverage,conviction,zhangs_metric,first2
0,155.0,0.20403170529884126,0.2038634995774438,0.06911710403014872,0.3387566845501499,1.6616838485177814,0.02752248656317325,1.203999317378259,0.5002721956196636,"154,999"
1,154.0,0.2038634995774438,0.20403170529884126,0.06911710403014872,0.33903618928062434,1.6616838485177814,0.02752248656317325,1.204253972444948,0.5001664993659249,"155,999"
2,156.0,0.20403170529884126,0.20394925963736812,0.06918333281348572,0.3390812850000653,1.662576689922624,0.027571217575237367,1.2044608849708704,0.5006782165923246,"154,999"
3,154.0,0.20394925963736812,0.20403170529884126,0.06918333281348572,0.33921835723501575,1.6625766899226238,0.027571217575237367,1.2045859678705624,0.5006263621756911,"156,999"
4,154.0,0.04264683835684672,0.20403170529884126,0.01105920066060696,0.2593205284778506,1.2709815275916498,0.0023578935050554903,1.0746460855265596,0.2227041306236383,"41,999"
5,154.0,0.04423342905829003,0.20403170529884126,0.011451838505698723,0.258895562688746,1.2688986856701838,0.0024268165437204905,1.074029859528236,0.2217225656906093,"51,999"
6,154.0,0.05533192901481814,0.20403170529884126,0.014362353831329198,0.2595671990304711,1.2721905090695982,0.003072885996961419,1.0750040971427943,0.22648611892855114,"81,999"
7,154.0,0.055193671250854566,0.20403170529884126,0.014337436657258708,0.2597659538191477,1.273164645850867,0.003076177790243221,1.075292738570808,0.22708953777992774,"82,999"
8,154.0,0.055143955274086845,0.20403170529884126,0.014353890278141358,0.26029852604509335,1.275774888338257,0.0031027750466463885,1.0760669306840969,0.2287784019797385,"83,999"
9,154.0,0.04579711489900821,0.20403170529884126,0.01193366918053925,0.2605768770992534,1.2771391422602265,0.002589605729927634,1.0764720091232556,0.2274149061771185,"91,999"
10,154.0,0.042631331706950125,0.20403170529884126,0.011077666594834971,0.2598480073525124,1.2735668065505705,0.002379523287505375,1.0754119459356166,0.22436879687374284,"113,999"
11,154.0,0.04352621928876915,0.20403170529884126,0.011290557509636761,0.25939669684451566,1.2713548439179214,0.0024098287629378736,1.0747566089832181,0.22315042946577804,"151,999"
12,154.0,0.04422242052057718,0.20403170529884126,0.011472020824838954,0.2594163930828005,1.2714513791022741,0.00244924495358312,1.0747851927407723,0.22337545829165656,"52,999"
13,154.0,0.045805578452196044,0.20403170529884126,0.011939232635082304,0.26065018800149886,1.2774984535846015,0.0025934423512808877,1.076578747683204,0.2276477231139405,"93,999"
14,154.0,0.04347851562534679,0.20403170529884126,0.011221251070595089,0.2580872623915754,1.264937045022292,0.002350255383693267,1.0728597237284045,0.2189671911636713,"132,999"
15,154.0,0.04343187730428374,0.20403170529884126,0.011211189503868287,0.2581327402755974,1.2651599411842165,0.002349709513145235,1.0729254920844655,0.21910211890241513,"133,999"
16,154.0,0.05286737783793148,0.20403170529884126,0.01374652676196233,0.2600190764918063,1.2744052504534107,0.002959905507011003,1.0756605601770557,0.2273390650089994,"141,999"
17,154.0,0.04347910748221307,0.20403170529884126,0.01131245621368921,0.26018142663846167,1.2752009608378216,0.0024413397692216697,1.0758966094680362,0.22561961518860077,"153,999"
18,154.0,0.04262422942455473,0.20403170529884126,0.011052690235077853,0.2593053384024505,1.270907078008543,0.0023559960185369037,1.0746240468162598,0.2226507290522178,"112,999"
19,154.0,0.06241083306398914,0.20403170529884126,0.016177460468844152,0.25920917370639135,1.2704357556916595,0.003443671769677142,1.07448454604064,0.22703814112365572,"121,999"
20,154.0,0.04256019051162297,0.20403170529884126,0.011077666594834971,0.2602823545117759,1.2756956284345387,0.002394038346904973,1.076043405961755,0.22572067035786575,"43,999"
21,154.0,0.04103260793974802,0.20403170529884126,0.010619451008959115,0.2588051684297678,1.2684556454140345,0.002247498038153552,1.0738988735456887,0.2206954682974604,"103,999"
22,154.0,0.06244551587635329,0.20403170529884126,0.016175980826678444,0.25904151162283734,1.2696140104471718,0.003435115734160216,1.0742414145824521,0.22650314412120803,"122,999"
23,154.0,0.06234324300985968,0.20403170529884126,0.01616503147465222,0.25929083400579106,1.2708359890734278,0.003445033289490484,1.0746030037751442,0.22728615445854358,"123,999"
24,154.0,0.0529183367141184,0.20403170529884126,0.01375090650277282,0.2598514495468663,1.2735836774302647,0.0029538880214129634,1.0754169473328712,0.22681682680409163,"143,999"
25,154.0,0.042581023873316116,0.20403170529884126,0.011068551999094222,0.25994095473196116,1.2740223601583425,0.002380673084850864,1.0755470118102135,0.22465025779950143,"42,999"
26,154.0,0.04424988267917268,0.20403170529884126,0.011466220627549387,0.25912431702211614,1.2700198561913787,0.0024378416052441253,1.074361479245526,0.22245431312490493,"53,999"
27,154.0,0.045768528212366766,0.20403170529884126,0.01194207354804046,0.260923259158106,1.278836829677705,0.002603842687853141,1.076976517748967,0.22849740119867426,"92,999"
28,154.0,0.04099573525697863,0.20403170529884126,0.010621759250737616,0.2590942492958336,1.2698724882799135,0.0022573294762764356,1.0743178790887506,0.22160418639101206,"101,999"
29,154.0,0.041005619266645546,0.20403170529884126,0.010614716154028855,0.25886003781591443,1.268724571197242,0.0022482697282201446,1.0739783783288357,0.22086350771899066,"102,999"
30,154.0,0.04344105108571111,0.20403170529884126,0.01121178136073457,0.2580918527641799,1.2649595433521363,0.0023484296277428516,1.0728663617817844,0.21897331428179503,"131,999"
31,154.0,0.043504202213343446,0.20403170529884126,0.011286236954512899,0.2594286616075729,1.2715115095842227,0.0024100003892588116,1.0748029979515314,0.2232466148671868,"152,999"
32,154.0,0.05282896632730975,0.20403170529884126,0.01373036906951282,0.25990228512979546,1.2738328327409785,0.0029515849805767484,1.0754908152104652,0.22695756983616508,"142,999"
33,154.0,0.04257498693328003,0.20403170529884126,0.011042806225410937,0.2593730972299839,1.2712391775096188,0.0023561590383379283,1.0747223625339026,0.22285397285715566,"111,999"
34,156.0,0.2038634995774438,0.20394925963736812,0.06909100314234566,0.3389081580839798,1.6617278174315282,0.027513193336443094,1.204145460418124,0.5001865002831473,"155,999"
35,155.0,0.20394925963736812,0.2038634995774438,0.06909100314234566,0.3387656482067789,1.661727817431528,0.027513193336443094,1.2040156387270111,0.5002403863259114,"156,999"
36,155.0,0.04264683835684672,0.2038634995774438,0.011078613565821023,0.2597757299877873,1.2742630756669786,0.0023844798524806886,1.0755341761618018,0.2248205818175905,"41,999"
37,155.0,0.04423342905829003,0.2038634995774438,0.01142703970300149,0.25833492781993317,1.2671955909488188,0.0024094580568678903,1.0734447802461222,0.22061437023305053,"51,999"
38,155.0,0.05533192901481814,0.2038634995774438,0.014355843405800092,0.25944953775162133,1.2726630234906837,0.003075682718468564,1.0750604327562139,0.22679505616226506,"81,999"
39,155.0,0.055193671250854566,0.2038634995774438,0.014335897829406374,0.25973807330644655,1.274078360495215,0.0030839228536802127,1.075479464381711,0.22768573106732862,"82,999"
40,155.0,0.055143955274086845,0.2038634995774438,0.014323587206587699,0.25974899942149443,1.2741319557443427,0.0030817475038703163,1.0754953384735397,0.22770869299840277,"83,999"
41,155.0,0.04579711489900821,0.2038634995774438,0.011880638805320344,0.25941893570194385,1.2725129130013568,0.00254427869145824,1.0750160094589472,0.2244316811620507,"91,999"
42,155.0,0.042631331706950125,0.2038634995774438,0.011043634825023732,0.259049726640918,1.2707018528469343,0.002352662351598039,1.0744803383542711,0.22251964320473783,"113,999"
43,155.0,0.04352621928876915,0.2038634995774438,0.011273334474827942,0.2590010035109285,1.2704628540556324,0.0023999270872442253,1.0744096877252625,0.22257305430605598,"151,999"
44,155.0,0.04422242052057718,0.2038634995774438,0.011464681799697053,0.2592504359720068,1.2716863808841004,0.002449344392586825,1.074771473496905,0.223527525137894,"52,999"
45,155.0,0.045805578452196044,0.2038634995774438,0.011865428083856886,0.2590389311694856,1.2706488984364843,0.0025273425604230484,1.074464683656224,0.2232255112431178,"93,999"
46,155.0,0.04347851562534679,0.2038634995774438,0.011254158312360391,0.25884412451743233,1.269693324474215,0.0023904759605446226,1.0741822695586007,0.22206321921159597,"132,999"
47,155.0,0.04343187730428374,0.2038634995774438,0.011257650267871459,0.2592024790685505,1.2714511406201212,0.002403475767402021,1.0747018961693147,0.22319069834520847,"133,999"
48,155.0,0.05286737783793148,0.2038634995774438,0.013693910686549822,0.25902382994158385,1.270574823244343,0.0029161820270261173,1.074442785872306,0.22484143202606222,"141,999"
49,155.0,0.04347910748221307,0.2038634995774438,0.011277240730145407,0.25937148628818635,1.2722801620976596,0.0024134377203176294,1.0749471370370995,0.22373750179448076,"153,999"
50,155.0,0.04262422942455473,0.2038634995774438,0.011027181204141081,0.2587068752447312,1.269020083442909,0.0023376566268595005,1.0739833863768715,0.221428631360872,"112,999"
51,155.0,0.06241083306398914,0.2038634995774438,0.016174264441766225,0.2591579642140481,1.2712327844426068,0.0034509736017977605,1.0746373207318656,0.22756450201566955,"121,999"
52,155.0,0.04256019051162297,0.2038634995774438,0.011062337501998257,0.259922180070533,1.2749814489071578,0.002385868121616081,1.0757470079273987,0.2252620588138923,"43,999"
53,155.0,0.04103260793974802,0.2038634995774438,0.01062264703603704,0.25888305836263825,1.2698843044450612,0.002257595984650803,1.0742387006612464,0.22162034813038708,"103,999"
54,155.0,0.06244551587635329,0.2038634995774438,0.016185746464972107,0.25919789816487504,1.2714286701745292,0.003455385065499899,1.0746952505269034,0.22770218773159956,"122,999"
55,155.0,0.06234324300985968,0.2038634995774438,0.016158876163242884,0.2591921013908008,1.2714002355891998,0.0034493644682458795,1.0746868411058137,0.22765859178946216,"123,999"
56,155.0,0.0529183367141184,0.2038634995774438,0.013692253487324231,0.2587430810853734,1.2691976818885224,0.0029041361729665264,1.0740358438586803,0.22395183091545096,"143,999"
57,155.0,0.042581023873316116,0.2038634995774438,0.011052986163510994,0.25957539669302016,1.273280392179339,0.00237226962110609,1.0752431738042587,0.22417252833205256,"42,999"
58,155.0,0.04424988267917268,0.2038634995774438,0.011448464921560913,0.2587230570658534,1.2690994592073581,0.002427528982693456,1.0740068310654083,0.2218568313577376,"53,999"
59,155.0,0.045768528212366766,0.2038634995774438,0.011864717855617346,0.2592331088420595,1.271601387101578,0.002534185523735291,1.0747463337326861,0.22383461784998418,"92,999"
60,155.0,0.04099573525697863,0.2038634995774438,0.010623061335843438,0.2591260107729155,1.2710760450498328,0.0022655272786053764,1.0745909722827822,0.222381711447114,"101,999"
61,155.0,0.041005619266645546,0.2038634995774438,0.010632294302957444,0.2592887144032447,1.2718741458901814,0.0022727452569188296,1.074827015469526,0.22289878863150608,"102,999"
62,155.0,0.04344105108571111,0.2038634995774438,0.011245102902306271,0.25885890468255907,1.269765824775433,0.002389058202650689,1.0742036913788462,0.22210153355636225,"131,999"
63,155.0,0.043504202213343446,0.2038634995774438,0.011275524345233188,0.2591824185153038,1.2713527387321508,0.002406605435696218,1.0746727943834615,0.22314393120471196,"152,999"
64,155.0,0.05282896632730975,0.2038634995774438,0.01368627573297478,0.25906764194815807,1.270789731781992,0.002916377778430476,1.0745063186548696,0.22497283808544716,"142,999"
65,155.0,0.04257498693328003,0.2038634995774438,0.011020907521358488,0.2588587411343081,1.2697650225315233,0.0023414216906760786,1.0742034543334344,0.22190010602961796,"111,999"
66,156.0,0.04264683835684672,0.20394925963736812,0.011041740883051628,0.25891112468080385,1.2694879360737108,0.002343949774298226,1.074163662245993,0.22173720772340946,"41,999"
67,156.0,0.04423342905829003,0.20394925963736812,0.01145160176295221,0.25889021056589334,1.269385390396675,0.0024302266552919134,1.0741333493522962,0.22203871576193632,"51,999"
68,156.0,0.05533192901481814,0.20394925963736812,0.014337081543138938,0.25911045933893617,1.2704653098503391,0.00305217558625937,1.0744526635540705,0.22535620580268492,"81,999"
69,156.0,0.055193671250854566,0.20394925963736812,0.014319680951270234,0.2594442555956725,1.2721019730935883,0.003062972562990155,1.0749369596787643,0.2263950729493767,"82,999"
70,156.0,0.055143955274086845,0.20394925963736812,0.014315301210459744,0.25959873823535407,1.272859429335186,0.0030687323588335907,1.0751612422503887,0.22687825673422038,"83,999"
71,156.0,0.04579711489900821,0.20394925963736812,0.01187401000841798,0.2592741930272801,1.271268125651853,0.0025337223312377755,1.0746901658739556,0.22362527268500018,"91,999"
72,156.0,0.042631331706950125,0.20394925963736812,0.01105748427569474,0.25937459218267994,1.271760400816658,0.002362855736707206,1.0748358508367335,0.22320384210528527,"113,999"
73,156.0,0.04352621928876915,0.20394925963736812,0.011269960890690134,0.25892349656929803,1.2695485976741314,0.0023928206919319323,1.0741815948521307,0.2219804243104877,"151,999"
74,156.0,0.04422242052057718,0.20394925963736812,0.011461663329679012,0.25918217941837385,1.270816966333747,0.0024425334051349414,1.0745566835010012,0.2229646565132697,"52,999"
75,156.0,0.045805578452196044,0.20394925963736812,0.011887977830462245,0.25953122375408627,1.2725283936580385,0.00254596401787548,1.075063211170783,0.22444369079970905,"93,999"
76,156.0,0.04347851562534679,0.20394925963736812,0.011314350155661314,0.26022852880159864,1.2759474060572606,0.002446939083740095,1.0760765606073728,0.22609908953512758,"132,999"
77,156.0,0.04343187730428374,0.20394925963736812,0.011278187701131459,0.25967534449677304,1.2732350436500168,0.002420288480261778,1.0752724962557485,0.2243426840237597,"133,999"
78,156.0,0.05286737783793148,0.20394925963736812,0.01370071704051207,0.2591525738710277,1.270671804996075,0.0029184544714969413,1.0745137423532727,0.22490485485215714,"141,999"
79,156.0,0.04347910748221307,0.20394925963736812,0.011274932488366906,0.25931839776102544,1.2714848694332423,0.0024074007076759964,1.074754304624665,0.22322353085493904,"153,999"
80,156.0,0.04262422942455473,0.20394925963736812,0.011042095997171398,0.2590567887383397,1.2702021532167143,0.002348915963420139,1.0743748350256639,0.2221946147298724,"112,999"
81,156.0,0.06241083306398914,0.20394925963736812,0.016189830277349455,0.2594073734082383,1.2719211330773028,0.003461187080597495,1.0748834268389773,0.2280185592575659,"121,999"
82,156.0,0.04256019051162297,0.20394925963736812,0.011042273554231282,0.2594507548366282,1.2721338400440605,0.002362154209360437,1.0749463935879322,0.22342834235262926,"43,999"
83,156.0,0.04103260793974802,0.20394925963736812,0.010642296683997616,0.2593619372091749,1.271698351199378,0.002273726673695615,1.0748174855650874,0.2227917242675392,"103,999"
84,156.0,0.06244551587635329,0.20394925963736812,0.016196459074251816,0.2593694494625042,1.2717351851322034,0.0034607423435960467,1.0748283874934894,0.22790438089629791,"122,999"
85,156.0,0.06234324300985968,0.20394925963736812,0.016195571288952392,0.2597806996724735,1.2737516190761196,0.0034807130336989844,1.075425539445407,0.22920709653177032,"123,999"
86,156.0,0.0529183367141184,0.20394925963736812,0.013720070760039504,0.2592687452396637,1.2712414141667214,0.0029274151659541003,1.0746822619496381,0.2252892862058027,"143,999"
87,156.0,0.042581023873316116,0.20394925963736812,0.011042510296977795,0.2593293747428584,1.2715386915547466,0.0023581420034138757,1.074770232836308,0.2230489125112841,"42,999"
88,156.0,0.04424988267917268,0.20394925963736812,0.011446215865469041,0.25867223080472684,1.2683165963174314,0.0024214850540113728,1.0738175115533062,0.2213479482764137,"53,999"
89,156.0,0.045768528212366766,0.20394925963736812,0.011855780816936482,0.25903784281472747,1.2701092579365552,0.002521323373332284,1.0743473639553023,0.22286642781486166,"92,999"
90,156.0,0.04099573525697863,0.20394925963736812,0.010639278213979576,0.2595215855329359,1.2724811357215915,0.002278228360029234,1.0750492179242852,0.22328757111829883,"101,999"
91,156.0,0.041005619266645546,0.20394925963736812,0.010633951502183034,0.25932912835760574,1.27153748348342,0.002270885811778877,1.0747698753124124,0.2226817159081149,"102,999"
92,156.0,0.04344105108571111,0.20394925963736812,0.011286710440005926,0.259816697752933,1.2739281241564688,0.0024269402332060576,1.0754778416994293,0.22479153811415725,"131,999"
93,156.0,0.043504202213343446,0.20394925963736812,0.01126700160635872,0.2589865124087472,1.269857575699162,0.002394351773832973,1.0742729433310099,0.22217568811236493,"152,999"
94,156.0,0.05282896632730975,0.20394925963736812,0.013704268181709764,0.25940822117932283,1.2719252898518165,0.002929839611847491,1.0748846572807869,0.22571456773629306,"142,999"
95,156.0,0.04257498693328003,0.20394925963736812,0.011032507915937623,0.2591312108498553,1.2705670582506816,0.002349370851824538,1.0744827586485144,0.22241934584875744,"111,999"
96,21.0,0.02902909964898745,0.028987018625794767,0.012688286685049347,0.4370885366226617,15.07876826745157,0.011846819632834096,1.7249834912729483,0.9615958474502752,"23,999"
97,23.0,0.028987018625794767,0.02902909964898745,0.012688286685049347,0.43772306661984145,15.078768267451569,0.011846819632834096,1.7268552962220376,0.961554174539681,"21,999"
98,21.0,0.02903010580566013,0.028987018625794767,0.012675620948110903,0.4366370909209528,15.063194202814678,0.01183412473041344,1.7236011915686118,0.9615262262423783,"27,999"
99,27.0,0.028987018625794767,0.02903010580566013,0.012675620948110903,0.4372861214789164,15.063194202814678,0.01183412473041344,1.7255126117490271,0.96148356002241,"21,999"
100,21.0,0.028990155467186064,0.028987018625794767,0.012628864255674591,0.43562595826604633,15.028311945071666,0.011788526079182583,1.7205131873020152,0.9613279745848111,"28,999"
101,28.0,0.028987018625794767,0.028990155467186064,0.012628864255674591,0.43567309969699697,15.028311945071666,0.011788526079182583,1.7206513529860996,0.9613248690306742,"21,999"
102,29.0,0.028987018625794767,0.028989859538752924,0.012665796124130614,0.4369471827247409,15.072414619347871,0.011825466525721608,1.7245453901823748,0.9615253840254164,"21,999"
103,21.0,0.028989859538752924,0.028987018625794767,0.012665796124130614,0.4369043633067381,15.072414619347871,0.011825466525721608,1.7244192959412867,0.9615281971885433,"29,999"
104,21.0,0.029001223190585547,0.028987018625794767,0.0126605285980207,0.4365515383547889,15.060242793176165,0.011819869601224366,1.7233394843939194,0.9614842267186975,"22,999"
105,22.0,0.028987018625794767,0.029001223190585547,0.0126605285980207,0.4367654625493095,15.060242793176165,0.011819869601224366,1.7239688127158261,0.9614701615462892,"21,999"
106,23.0,0.02903010580566013,0.02902909964898745,0.012703793334945946,0.4376075450771878,15.074788759163317,0.011861075500692788,1.7265005813143017,0.9615788134439799,"27,999"
107,27.0,0.02902909964898745,0.02903010580566013,0.012703793334945946,0.43762271267648706,15.074788759163317,0.011861075500692788,1.7265453567931526,0.961577817019742,"23,999"
108,28.0,0.02902909964898745,0.028990155467186064,0.012680178245981277,0.43680921555634844,15.067501657615201,0.011838620134084694,1.724122395738465,0.9615447757959813,"23,999"
109,23.0,0.028990155467186064,0.02902909964898745,0.012680178245981277,0.43739600708019527,15.067501657615201,0.011838620134084694,1.725851420484706,0.9615062112286191,"28,999"
110,29.0,0.02902909964898745,0.028989859538752924,0.012698111509029634,0.4374269840460777,15.088965279784684,0.011856561987669026,1.7260162022075691,0.9616420048573406,"23,999"
111,23.0,0.028989859538752924,0.02902909964898745,0.012698111509029634,0.4380190767069814,15.088965279784686,0.011856561987669026,1.7277648761837867,0.9616031433288104,"29,999"
112,22.0,0.02902909964898745,0.029001223190585547,0.012692666425859837,0.4372394107752689,15.076585146146757,0.011850787027917803,1.7254207124686527,0.9615859573020221,"23,999"
113,23.0,0.029001223190585547,0.02902909964898745,0.012692666425859837,0.43765969257393816,15.076585146146755,0.011850787027917803,1.7266606848712844,0.9615583510767839,"22,999"
114,28.0,0.02903010580566013,0.028990155467186064,0.01267165550710681,0.436500493382155,15.056852450350934,0.011830068226571863,1.7231778078402737,0.9614974289104646,"27,999"
115,27.0,0.028990155467186064,0.02903010580566013,0.01267165550710681,0.4371020197339006,15.056852450350934,0.011830068226571863,1.7249482645777698,0.9614578699420945,"28,999"
116,29.0,0.02903010580566013,0.028989859538752924,0.012677751632829519,0.4367104866134412,15.064249829484599,0.011836172943128297,1.7238207305217292,0.9615310173949914,"27,999"
117,27.0,0.028989859538752924,0.02903010580566013,0.012677751632829519,0.43731676643283546,15.064249829484599,0.011836172943128297,1.7256065869224808,0.9614911640172015,"29,999"
118,22.0,0.02903010580566013,0.029001223190585547,0.012696513495490672,0.4373567764611859,15.080632068069523,0.01185460491777441,1.725780630045089,0.961605285172604,"27,999"
119,27.0,0.029001223190585547,0.02903010580566013,0.012696513495490672,0.4377923445522894,15.080632068069523,0.01185460491777441,1.7270662979875537,0.9615766819694191,"22,999"
120,29.0,0.028990155467186064,0.028989859538752924,0.01269290316860635,0.43783494652084354,15.103037872106853,0.011852482633606016,1.7272687700023486,0.9616670319367961,"28,999"
121,28.0,0.028989859538752924,0.028990155467186064,0.01269290316860635,0.43783941593917663,15.103037872106851,0.011852482633606016,1.727281976119042,0.9616667388558012,"29,999"
122,28.0,0.029001223190585547,0.028990155467186064,0.012660469412334072,0.43654949755512196,15.05854282324398,0.011819719443300436,1.723327675313959,0.9614765068904985,"22,999"
123,22.0,0.028990155467186064,0.029001223190585547,0.012660469412334072,0.4367161613418889,15.05854282324398,0.011819719443300436,1.7238179229899202,0.9614655478295856,"28,999"
124,29.0,0.029001223190585547,0.028989859538752924,0.012687280528376666,0.43747397980424646,15.090586390025178,0.011846539141629567,1.7261604007639415,0.96162172912154,"22,999"
125,22.0,0.028989859538752924,0.029001223190585547,0.012687280528376666,0.43764546397393284,15.090586390025178,0.011846539141629567,1.7266665681601354,0.9616104753415132,"29,999"
126,33.0,0.02462686827757874,0.02458111774181511,0.010760372128820962,0.436936276571456,17.775281057629886,0.010155016180077628,1.732341903184198,0.9675703260815055,"37,999"
127,37.0,0.02458111774181511,0.02462686827757874,0.010760372128820962,0.4377495052031917,17.775281057629886,0.010155016180077628,1.7347661598322137,0.9675249436703053,"33,999"
128,33.0,0.024589640480689574,0.02458111774181511,0.010748653362868569,0.43712120847433966,17.782804389352474,0.010144212514983835,1.7329110581948757,0.9675577984250646,"39,999"
129,39.0,0.02458111774181511,0.024589640480689574,0.010748653362868569,0.4372727666726058,17.78280438935247,0.010144212514983835,1.733362634240624,0.9675493443725424,"33,999"
130,33.0,0.0246056206160792,0.02458111774181511,0.010782152461500156,0.43819876075201575,17.826640975182052,0.01017731880402588,1.7362348355868005,0.9677154209437371,"38,999"
131,38.0,0.02458111774181511,0.0246056206160792,0.010782152461500156,0.4386355646943817,17.826640975182052,0.01017731880402588,1.7375421705382816,0.9676911115832006,"33,999"
132,33.0,0.024608639086097242,0.02458111774181511,0.01075942515783491,0.4372214619504698,17.786882864431725,0.01015451730299372,1.733219759301372,0.9675898640640294,"31,999"
133,31.0,0.02458111774181511,0.024608639086097242,0.01075942515783491,0.43771098087748783,17.786882864431725,0.01015451730299372,1.7346797247366899,0.9675625636146973,"33,999"
134,33.0,0.024618463910077527,0.02458111774181511,0.010748239063062172,0.43659259579808296,17.761299562688002,0.01014308970306593,1.7312851676841097,0.967516585672731,"32,999"
135,32.0,0.02458111774181511,0.024618463910077527,0.010748239063062172,0.43725591228011035,17.761299562688002,0.01014308970306593,1.7332594999655089,0.9674795420621732,"33,999"
136,37.0,0.024589640480689574,0.02462686827757874,0.010765225355124476,0.4377951505056972,17.777134533353674,0.010159659518013515,1.7349070051597009,0.9675394109263733,"39,999"
137,39.0,0.02462686827757874,0.024589640480689574,0.010765225355124476,0.4371333469520181,17.777134533353674,0.010159659518013515,1.7329332875510766,0.9675763397277732,"37,999"
138,38.0,0.02462686827757874,0.0246056206160792,0.01075871492959537,0.436868984246386,17.754845165779003,0.010152755551795112,1.7320913821068664,0.967503938103427,"37,999"
139,37.0,0.0246056206160792,0.02462686827757874,0.01075871492959537,0.43724623318644523,17.754845165779006,0.010152755551795112,1.7332147543768837,0.9674828623246335,"38,999"
140,31.0,0.02462686827757874,0.024608639086097242,0.010810088105588686,0.4389550463235559,17.83743687685458,0.010204054392324894,1.7385262170567763,0.9677713103572653,"37,999"
141,37.0,0.024608639086097242,0.02462686827757874,0.010810088105588686,0.43928020837592324,17.83743687685458,0.010204054392324894,1.7395018800697881,0.967753223577708,"31,999"
142,37.0,0.024618463910077527,0.02462686827757874,0.010791681357047302,0.43835721824340734,17.79995788756075,0.010185405689137497,1.7366432248480903,0.9676419502346172,"32,999"
143,32.0,0.02462686827757874,0.024618463910077527,0.010791681357047302,0.43820762085581416,17.79995788756075,0.010185405689137497,1.7361957411664846,0.9676502879858787,"37,999"
144,38.0,0.024589640480689574,0.0246056206160792,0.010755755645263959,0.43741004077349294,17.77683430946081,0.010150712280510328,1.7337571767632853,0.9675384369650647,"39,999"
145,39.0,0.0246056206160792,0.024589640480689574,0.010755755645263959,0.4371259645544288,17.77683430946081,0.010150712280510328,1.7329105591931866,0.967554288394542,"38,999"
146,31.0,0.024589640480689574,0.024608639086097242,0.010770315324174506,0.43800214698675705,17.798714729991236,0.010165197736328329,1.7355784469356657,0.9676093335366174,"39,999"
147,39.0,0.024608639086097242,0.024589640480689574,0.010770315324174506,0.4376639962288383,17.798714729991236,0.010165197736328329,1.7345685728425206,0.9676281805642344,"31,999"
148,32.0,0.024589640480689574,0.024618463910077527,0.01076208851373318,0.43766758290690455,17.778021590036982,0.010156729336997542,1.7345283793739492,0.9675422884494831,"39,999"
149,39.0,0.024618463910077527,0.024589640480689574,0.01076208851373318,0.4371551593569466,17.778021590036982,0.010156729336997542,1.7330004453889967,0.9675708802218297,"32,999"
150,41.0,0.04256019051162297,0.04264683835684672,0.027563484491012268,0.6476353644019714,15.186011187579561,0.025748426925826483,2.716938832463554,0.9756748300406715,"43,999"
151,43.0,0.04264683835684672,0.04256019051162297,0.027563484491012268,0.6463195292550239,15.186011187579561,0.025748426925826483,2.7070757044392932,0.9757631361382008,"41,999"
152,41.0,0.042581023873316116,0.04264683835684672,0.02754862888366858,0.6469696211539958,15.170400575547667,0.025732682841474237,2.7118152402990834,0.975625286095262,"42,999"
153,42.0,0.04264683835684672,0.042581023873316116,0.02754862888366858,0.6459711890751638,15.170400575547669,0.025732682841474237,2.704353280247447,0.9756923567196631,"41,999"
154,52.0,0.04423342905829003,0.04422242052057718,0.028596689022481504,0.6464949616453496,14.619167246725638,0.026640579721598685,2.7037169934776104,0.9747114821477535,"51,999"
155,51.0,0.04422242052057718,0.04423342905829003,0.028596689022481504,0.6466558972993156,14.619167246725636,0.026640579721598685,2.704917284982492,0.9747002555314981,"52,999"
156,53.0,0.04423342905829003,0.04424988267917268,0.02857200859115753,0.6459370028379632,14.597485094395282,0.026614684544830687,2.6993787122110042,0.9746051780808492,"51,999"
157,51.0,0.04424988267917268,0.04423342905829003,0.02857200859115753,0.6456968213523798,14.597485094395282,0.026614684544830687,2.6975952476347613,0.974621956299151,"53,999"
158,72.0,0.0322344188797132,0.03227022622012329,0.020871595646703354,0.6474940877509952,20.064752051450647,0.019831383657380797,2.7452866466996646,0.9818094136149796,"71,999"
159,71.0,0.03227022622012329,0.0322344188797132,0.020871595646703354,0.6467756223440448,20.064752051450647,0.019831383657380797,2.7398040518678535,0.9818457419215417,"72,999"
160,73.0,0.0322344188797132,0.032206601606997926,0.020825312439760067,0.6460582558498216,20.059808350268305,0.01978715135286805,2.7343296301957665,0.9817967218663118,"71,999"
161,71.0,0.032206601606997926,0.0322344188797132,0.020825312439760067,0.646616265009317,20.059808350268302,0.01978715135286805,2.738568545453293,0.9817685020962571,"73,999"
162,73.0,0.03227022622012329,0.032206601606997926,0.02082862683821125,0.6454440912850742,20.04073882619241,0.01978931251857204,2.7295932026650798,0.9817840328707478,"72,999"
163,72.0,0.032206601606997926,0.03227022622012329,0.02082862683821125,0.6467191755396371,20.04073882619241,0.01978931251857204,2.7392649325309,0.9817194884862047,"73,999"
164,81.0,0.055193671250854566,0.05533192901481814,0.03572347429213475,0.6472385960660597,11.697379932167669,0.03266950199241526,2.6779235496014886,0.9679346364063707,"82,999"
165,82.0,0.05533192901481814,0.055193671250854566,0.03572347429213475,0.6456213424724058,11.697379932167669,0.03266950199241526,2.6660926347563034,0.9680762993699055,"81,999"
166,81.0,0.055143955274086845,0.05533192901481814,0.03572465800586731,0.6478435909847581,11.708313852771383,0.03267343658704523,2.682524147797904,0.9679682003731994,"83,999"
167,83.0,0.05533192901481814,0.055143955274086845,0.03572465800586731,0.6456427354321966,11.708313852771385,0.03267343658704523,2.666393888885895,0.9681608104646394,"81,999"
168,83.0,0.055193671250854566,0.055143955274086845,0.035638483646136594,0.6456987339030252,11.709329348858857,0.03259488630726682,2.666815321137744,0.968026975008228,"82,999"
169,82.0,0.055143955274086845,0.055193671250854566,0.035638483646136594,0.6462808746488986,11.709329348858855,0.03259488630726682,2.671063736831677,0.9679760398346969,"83,999"
170,91.0,0.045805578452196044,0.04579711489900821,0.029617878859565207,0.6465998216893001,14.11878942844286,0.02752011552017445,2.700063394597618,0.9737768078507478,"93,999"
171,93.0,0.04579711489900821,0.045805578452196044,0.029617878859565207,0.6467193168145755,14.11878942844286,0.02752011552017445,2.700952718229944,0.9737681706815096,"91,999"
172,91.0,0.045768528212366766,0.04579711489900821,0.029628828211591435,0.6473624861632683,14.13544254023058,0.027532761666291174,2.705902939024179,0.9738264436795807,"92,999"
173,92.0,0.04579711489900821,0.045768528212366766,0.029628828211591435,0.6469584006968326,14.13544254023058,0.027532761666291174,2.7028867806827663,0.9738556182627048,"91,999"
174,113.0,0.04262422942455473,0.042631331706950125,0.02756105787786051,0.6466054225483144,15.16737565209344,0.025743930214509173,2.709064398204969,0.975655583526534,"112,999"
175,112.0,0.042631331706950125,0.04262422942455473,0.02756105787786051,0.6464976995632362,15.16737565209344,0.025743930214509173,2.7082589544469045,0.9756628214712302,"113,999"
176,111.0,0.042631331706950125,0.04257498693328003,0.027515129785036993,0.6454203676811541,15.159613993366646,0.025700101394665265,2.7001692308310083,0.9756275619227314,"113,999"
177,113.0,0.04257498693328003,0.042631331706950125,0.027515129785036993,0.6462745327005364,15.159613993366648,0.025700101394665265,2.706530224137191,0.9755701459231361,"111,999"
178,153.0,0.04352621928876915,0.04347910748221307,0.028110656163890375,0.6458327101050015,14.853863096642591,0.026218174997139604,2.700760120454294,0.975120766337755,"151,999"
179,151.0,0.04347910748221307,0.04352621928876915,0.028110656163890375,0.6465325024298211,14.853863096642591,0.026218174997139604,2.7059737805774593,0.9750727384261101,"153,999"
180,152.0,0.04352621928876915,0.043504202213343446,0.02811018267839735,0.6458218319377552,14.845044825110508,0.026216609232876407,2.7006063163626672,0.9750789554423918,"151,999"
181,151.0,0.043504202213343446,0.04352621928876915,0.02811018267839735,0.6461486764093677,14.845044825110508,0.026216609232876407,2.703038584130796,0.9750565106110003,"152,999"
182,31.0,0.0246056206160792,0.024608639086097242,0.010772919494386149,0.4378235226201243,17.791456125969788,0.010167408657155623,1.735026989140295,0.9676016858647606,"38,999"
183,38.0,0.024608639086097242,0.0246056206160792,0.010772919494386149,0.43776981964323075,17.791456125969788,0.010167408657155623,1.7348666319637513,0.9676046802286594,"31,999"
184,38.0,0.024618463910077527,0.0246056206160792,0.010759188415088397,0.4370373575860735,17.761688047017994,0.010153435831966392,1.7326094236049645,0.9675178481977649,"32,999"
185,32.0,0.0246056206160792,0.024618463910077527,0.010759188415088397,0.4372654761675679,17.761688047017994,0.010153435831966392,1.733288957370538,0.967505108616283,"38,999"
186,52.0,0.04424988267917268,0.04422242052057718,0.028598405407393723,0.6462933611540236,14.6146084620876,0.026641568487569146,2.70217596875704,0.9747059370198383,"53,999"
187,53.0,0.04422242052057718,0.04424988267917268,0.028598405407393723,0.6466947098494207,14.614608462087602,0.026641568487569146,2.705167864634818,0.9746779309966787,"52,999"
188,61.0,0.03656302325695637,0.03650277222796882,0.023623730074916652,0.6461098664870956,17.70029581457485,0.022289078365002046,2.7225885565326102,0.9793103148814156,"62,999"
189,62.0,0.03650277222796882,0.03656302325695637,0.023623730074916652,0.6471763275233078,17.70029581457485,0.022289078365002046,2.730647209638942,0.9792490750018715,"61,999"
190,63.0,0.03650277222796882,0.0365138399513683,0.02360313345597002,0.6466120794487231,17.708684715437393,0.022270277073056715,2.7264264113657757,0.9792768521568734,"61,999"
191,61.0,0.0365138399513683,0.03650277222796882,0.02360313345597002,0.646416084624524,17.708684715437393,0.022270277073056715,2.724946429615949,0.9792881012705406,"63,999"
192,93.0,0.045768528212366766,0.045805578452196044,0.029621725929196045,0.6472073078634017,14.1294429572338,0.027525272019522932,2.7046887387858596,0.9737949638132516,"92,999"
193,92.0,0.045805578452196044,0.045768528212366766,0.029621725929196045,0.6466838086131821,14.1294429572338,0.027525272019522932,2.7007861373183455,0.9738327751189342,"93,999"
194,133.0,0.04347851562534679,0.04343187730428374,0.02806662201303896,0.6455285239010525,14.863012238188086,0.026178268457026515,2.6985757308966067,0.975115460169668,"132,999"
195,132.0,0.04343187730428374,0.04347851562534679,0.02806662201303896,0.6462217098377813,14.863012238188086,0.026178268457026515,2.7037314356854893,0.9750679175568359,"133,999"
196,131.0,0.04347851562534679,0.04344105108571111,0.028075973351526225,0.6457436034260263,14.864824567710059,0.026187220933114645,2.7001882200722553,0.9751240359927367,"132,999"
197,132.0,0.04344105108571111,0.04347851562534679,0.028075973351526225,0.6463005072352207,14.86482456771006,0.026187220933114645,2.7043337746903937,0.975085844333835,"131,999"
198,131.0,0.04343187730428374,0.04344105108571111,0.028071534425029104,0.6463348159776731,14.878434103779531,0.026184808024305378,2.704702051909925,0.9751408224954189,"133,999"
199,133.0,0.04344105108571111,0.04343187730428374,0.028071534425029104,0.6461983244752234,14.878434103779531,0.026184808024305378,2.703684546651414,0.9751501744844171,"131,999"
200,141.0,0.0529183367141184,0.05286737783793148,0.03420536143012032,0.646380131237089,12.226445828628213,0.03140770772850014,2.6783919848041284,0.9695152147258608,"143,999"
201,143.0,0.05286737783793148,0.0529183367141184,0.03420536143012032,0.6470031771762762,12.226445828628215,0.03140770772850014,2.6829750356105224,0.9694630515919632,"141,999"
202,141.0,0.05282896632730975,0.05286737783793148,0.03413558150558562,0.6461527430632189,12.222144723047242,0.03134265258197238,2.676670805254496,0.9693933479174474,"142,999"
203,142.0,0.05286737783793148,0.05282896632730975,0.03413558150558562,0.6456832720213692,12.222144723047242,0.03134265258197238,2.6732326161293045,0.9694326622246616,"141,999"
204,152.0,0.04347910748221307,0.043504202213343446,0.02810177831089614,0.6463283157868945,14.856687007322137,0.026210254426934247,2.70447378312118,0.9750861165466465,"153,999"
205,153.0,0.043504202213343446,0.04347910748221307,0.02810177831089614,0.6459554912209576,14.856687007322137,0.026210254426934247,2.701696732471418,0.9751116990154668,"152,999"
206,111.0,0.04262422942455473,0.04257498693328003,0.02748636554133567,0.6448530779890528,15.146289510308312,0.025671639530544122,2.695856147775393,0.9755597101565107,"112,999"
207,112.0,0.04257498693328003,0.04262422942455473,0.02748636554133567,0.6455989190181082,15.14628951030831,0.025671639530544122,2.701390661458966,0.9755095349575553,"111,999"
208,122.0,0.06241083306398914,0.06244551587635329,0.040402221191470605,0.6473591075133808,10.366782921534341,0.03650494452451684,2.658666377323843,0.9636822726924436,"121,999"
209,121.0,0.06244551587635329,0.06241083306398914,0.040402221191470605,0.6469995583264934,10.366782921534341,0.03650494452451684,2.656056639734167,0.9637179220461701,"122,999"
210,123.0,0.06241083306398914,0.06234324300985968,0.04036292189554946,0.6467294204223456,10.37368909923509,0.0364720281633934,2.6542169407685665,0.9637507659679208,"121,999"
211,121.0,0.06234324300985968,0.06241083306398914,0.04036292189554946,0.647430578630085,10.37368909923509,0.0364720281633934,2.659303700510926,0.9636812949531242,"123,999"
212,31.0,0.024618463910077527,0.024608639086097242,0.010775464478911163,0.4376984899736268,17.78637528236604,0.010169637585693954,1.7346411907521906,0.9675979654853323,"32,999"
213,32.0,0.024608639086097242,0.024618463910077527,0.010775464478911163,0.43787323798002337,17.78637528236604,0.010169637585693954,1.7351629596586613,0.9675882191618816,"31,999"
214,42.0,0.04256019051162297,0.042581023873316116,0.02748494508485659,0.6457899918786922,15.166145224689721,0.02567268859662829,2.7029698601819083,0.975584739495919,"43,999"
215,43.0,0.042581023873316116,0.04256019051162297,0.02748494508485659,0.6454740300897355,15.166145224689721,0.02567268859662829,2.7006196745776294,0.9756059681431956,"42,999"
216,63.0,0.03656302325695637,0.0365138399513683,0.023630950728685297,0.6463073516271481,17.700339172432855,0.022295894349342635,2.7240774284710447,0.9793104585237303,"62,999"
217,62.0,0.0365138399513683,0.03656302325695637,0.023630950728685297,0.6471779128176783,17.70033917243285,0.022295894349342635,2.7306594789378513,0.9792604674314402,"63,999"
218,103.0,0.04099573525697863,0.04103260793974802,0.026497372717777728,0.6463446149137458,15.751975011260155,0.02481521078577642,2.711587133973278,0.9765502946008513,"101,999"
219,101.0,0.04103260793974802,0.04099573525697863,0.026497372717777728,0.6457637973361643,15.751975011260155,0.02481521078577642,2.707245215286763,0.9765878433533107,"103,999"
220,102.0,0.04103260793974802,0.041005619266645546,0.02651122216844874,0.6461013203786028,15.756409290571286,0.024828654669753893,2.7097992616397777,0.9766064739574316,"103,999"
221,103.0,0.041005619266645546,0.04103260793974802,0.02651122216844874,0.6465265649582148,15.756409290571286,0.024828654669753893,2.7129829203342806,0.9765789896328047,"102,999"
222,122.0,0.06234324300985968,0.06244551587635329,0.040318295887831763,0.6467147671714056,10.356464481003703,0.03642523991667622,2.653817360598613,0.9635103087890926,"123,999"
223,123.0,0.06244551587635329,0.06234324300985968,0.040318295887831763,0.6456555818621941,10.356464481003702,0.03642523991667622,2.6461733528012905,0.9636154130393998,"122,999"
224,142.0,0.0529183367141184,0.05282896632730975,0.03413859997560366,0.6451185372667924,12.211454853571508,0.03134297894723626,2.668978611556145,0.9694091978951539,"143,999"
225,143.0,0.05282896632730975,0.0529183367141184,0.03413859997560366,0.6462098797105524,12.211454853571508,0.03134297894723626,2.6769590471069185,0.9693177292248591,"142,999"
226,102.0,0.04099573525697863,0.041005619266645546,0.026514595752586547,0.6467647326333296,15.772587859913521,0.024833540241082683,2.714888544064557,0.9766368072292014,"101,999"
227,101.0,0.041005619266645546,0.04099573525697863,0.026514595752586547,0.6466088362224499,15.772587859913521,0.024833540241082683,2.713718856158746,0.9766468730730037,"102,999"
228,156.0,0.06911710403014872,0.20394925963736812,0.02705046295931866,0.39137147510577575,1.9189649219695801,0.012954080764090877,1.3079418854069984,0.5144425087210284,"155,154"
229,155.0,0.06918333281348572,0.2038634995774438,0.02705046295931866,0.3909968175751976,1.9179343942669125,0.01294650661953046,1.3072780625754128,0.5141783002477399,"156,154"
230,154.0,0.06909100314234566,0.20403170529884126,0.02705046295931866,0.39151932565789477,1.9189141466246338,0.012953707767378274,1.3081241989513748,0.5144132724284596,"155,156"
234,81.0,0.014337436657258708,0.05533192901481814,0.011764279745409218,0.820528803484076,14.829210152140812,0.010970961718035327,5.263619395892109,0.9461306128166834,"154,82"
235,154.0,0.03572347429213475,0.20403170529884126,0.011764279745409218,0.3293151066216245,1.6140388874331226,0.004475558366385648,1.1867991996833347,0.3945302317591509,"81,82"
236,82.0,0.014362353831329198,0.055193671250854566,0.011764279745409218,0.8191052722672315,14.840565117410074,0.010971568709654383,5.222962220020506,0.9462068792397267,"81,154"
239,83.0,0.014362353831329198,0.055143955274086845,0.011784580435922705,0.8205187376888398,14.879577165086245,0.010992583438617278,5.264371514659007,0.9463861215093896,"81,154"
240,81.0,0.014353890278141358,0.05533192901481814,0.011784580435922705,0.821002544088602,14.837771946622967,0.0109903519979661,5.277550265590273,0.9461858849717947,"83,154"
241,154.0,0.03572465800586731,0.20403170529884126,0.011784580435922705,0.32987244927543435,1.6167705347180068,0.004495617541767695,1.187786256273943,0.39561629443996466,"83,81"
244,83.0,0.014337436657258708,0.055143955274086845,0.011763687888542936,0.8204875229622902,14.87901110618832,0.010973064922770007,5.263456113568247,0.9463596032363902,"154,82"
245,154.0,0.035638483646136594,0.20403170529884126,0.011763687888542936,0.3300838499569042,1.617806651537009,0.00449230729595682,1.1881610775467257,0.3959917079678806,"83,82"
246,82.0,0.014353890278141358,0.055193671250854566,0.011763687888542936,0.8195470120359719,14.848568567058,0.010971443987360364,5.23574776682271,0.946235602959309,"83,154"
249,141.0,0.01375090650277282,0.05286737783793148,0.011284934869407078,0.8206684313598898,15.523153689893686,0.010557960499710918,5.2814606449063755,0.9486245480061954,"143,154"
250,143.0,0.01374652676196233,0.0529183367141184,0.011284934869407078,0.8209299021359591,15.513146351724586,0.010557491537567916,5.288887841033928,0.9485781996703196,"141,154"
251,154.0,0.03420536143012032,0.20403170529884126,0.011284934869407078,0.3299171357233451,1.6169895518940152,0.004305956646456418,1.1878654672961908,0.3950806920553836,"141,143"
254,141.0,0.01373036906951282,0.05286737783793148,0.011263391279474398,0.820326913461041,15.516693791316994,0.010537502670022215,5.271421782787147,0.9485776018596467,"142,154"
255,142.0,0.01374652676196233,0.05282896632730975,0.011263391279474398,0.819362699721434,15.509724241904529,0.010537176480049228,5.243496399758138,0.9485637784692885,"141,154"
256,154.0,0.03413558150558562,0.20403170529884126,0.011263391279474398,0.3299604337377807,1.6172017640811955,0.004298650373522176,1.1879422272649156,0.39513616903242565,"142,141"
259,121.0,0.016175980826678444,0.06241083306398914,0.013275704624834657,0.8207047700587979,13.150037097202954,0.01226614818581454,5.229303463586193,0.9391461980468264,"122,154"
260,122.0,0.016177460468844152,0.06244551587635329,0.013275704624834657,0.8206297057812054,13.141531369620079,0.012265494760288372,5.226921705218505,0.9390975815056433,"121,154"
261,154.0,0.040402221191470605,0.20403170529884126,0.013275704624834657,0.3285884843291071,1.6104775669439704,0.0050323705372779266,1.1855148089109036,0.39502610438779523,"121,122"
264,121.0,0.01616503147465222,0.06241083306398914,0.013272982083249759,0.821092251138677,13.15624565204602,0.012264109002411108,5.240629167285346,0.9391722222246621,"154,123"
265,123.0,0.016177460468844152,0.06234324300985968,0.013272982083249759,0.8204614135087476,13.160390347017884,0.012264426733958209,5.222591841201921,0.9392084189809909,"121,154"
266,154.0,0.04036292189554946,0.20403170529884126,0.013272982083249759,0.32884096244561717,1.611715012448532,0.005037666298056864,1.1859607785385187,0.39550672093999256,"121,123"
269,122.0,0.01616503147465222,0.06244551587635329,0.013251793607436847,0.8197814911908144,13.127948095008808,0.012242359877844701,5.202320728978646,0.9390056901608005,"154,123"
270,123.0,0.016175980826678444,0.06234324300985968,0.013251793607436847,0.8192265896842037,13.140583488007541,0.012243330503836402,5.186917452915951,0.9390905898777671,"122,154"
271,154.0,0.040318295887831763,0.20403170529884126,0.013251793607436847,0.32867940758965203,1.6109231999420959,0.0050255829426992735,1.1856753743293773,0.3951705455243966,"122,123"
274,142.0,0.01375090650277282,0.05282896632730975,0.011262799422608116,0.8190586868099942,15.503969578647324,0.010536353246003145,5.234686412815349,0.9485437255206423,"143,154"
275,143.0,0.01373036906951282,0.0529183367141184,0.011262799422608116,0.8202838077831611,15.500937079987866,0.010536211128978519,5.269873858350883,0.948511179733239,"142,154"
276,154.0,0.03413859997560366,0.20403170529884126,0.011262799422608116,0.329913922382781,1.616973802672298,0.00429744265307072,1.1878597709887786,0.39504714722023226,"142,143"
279,155.0,0.03572347429213475,0.2038634995774438,0.011769428900145875,0.32945924587007913,1.6160776527086151,0.004486716413886437,1.1873051645542494,0.3953407996848761,"81,82"
280,81.0,0.014335897829406374,0.05533192901481814,0.011769428900145875,0.8209760588558288,14.837293285689853,0.010976196019085475,5.276769492100633,0.9461664073154491,"155,82"
281,82.0,0.014355843405800092,0.055193671250854566,0.011769428900145875,0.8198354194495291,14.853793938138072,0.010977077198677396,5.244129150482324,0.9462615147047758,"155,81"
284,155.0,0.03572465800586731,0.2038634995774438,0.011767712515233656,0.3294002846241652,1.6157884334710562,0.004484758712950201,1.1872007729325758,0.395226422193467,"83,81"
285,81.0,0.014323587206587699,0.05533192901481814,0.011767712515233656,0.821561829834181,14.847879776867403,0.010975160804681187,5.294091898091764,0.9462033428400095,"155,83"
286,83.0,0.014355843405800092,0.055143955274086845,0.011767712515233656,0.8197158594303995,14.865017486614693,0.01097607452854242,5.240927137243899,0.9463130859022717,"155,81"
289,155.0,0.035638483646136594,0.2038634995774438,0.011742795341163166,0.329497614369913,1.6162658595230444,0.0044774093454282606,1.1873731063229669,0.39538067487531026,"83,82"
290,83.0,0.014335897829406374,0.055143955274086845,0.011742795341163166,0.8191182359765335,14.854179971407532,0.010952257232444501,5.223611400667972,0.946244141512691,"155,82"
291,82.0,0.014323587206587699,0.055193671250854566,0.011742795341163166,0.8198222394849821,14.853555143286265,0.010952223977749817,5.243745543559442,0.9462294503039503,"155,83"
294,141.0,0.013692253487324231,0.05286737783793148,0.01122793905318408,0.8200212670309149,15.510912410763884,0.010504065514616974,5.262469662594843,0.9485165896597334,"155,143"
295,143.0,0.013693910686549822,0.0529183367141184,0.01122793905318408,0.8199220303234617,15.494100556352327,0.010503280076540172,5.259286657813053,0.9484472582265959,"141,155"
296,155.0,0.03420536143012032,0.2038634995774438,0.01122793905318408,0.32825085260748216,1.610150190141252,0.004254714367728434,1.1851693500659646,0.3923607654584688,"141,143"
299,141.0,0.01368627573297478,0.05286737783793148,0.01121616110154506,0.8195188611114714,15.501409274047257,0.01049260359117577,5.2478205090840575,0.948470768765371,"142,155"
300,142.0,0.013693910686549822,0.05282896632730975,0.01121616110154506,0.819061943536815,15.504031225259917,0.010492725954996132,5.234780632594056,0.9484891719056553,"141,155"
301,155.0,0.03413558150558562,0.2038634995774438,0.01121616110154506,0.3285768282491322,1.6117491798688182,0.004257161995705307,1.1857447492413373,0.3929703381096405,"142,141"
304,155.0,0.040402221191470605,0.2038634995774438,0.013285174334695176,0.32882287020149864,1.6129560754282313,0.005048636131900017,1.1861794228023974,0.3960204193061085,"121,122"
305,122.0,0.016174264441766225,0.06244551587635329,0.013285174334695176,0.8213773419203748,13.153503984926033,0.012275164047708526,5.2487993080122575,0.9391649325243016,"121,155"
306,121.0,0.016185746464972107,0.06241083306398914,0.013285174334695176,0.8207946642093946,13.151477458534208,0.01227500841405375,5.231926620932471,0.939163985878461,"122,155"
309,155.0,0.04036292189554946,0.2038634995774438,0.013263275630642727,0.328600483011741,1.6118652122270276,0.005034749119844983,1.1857865254265272,0.3955669693096105,"121,123"
310,123.0,0.016174264441766225,0.06234324300985968,0.013263275630642727,0.8200234192037472,13.153364817323654,0.012254919532043962,5.209882045995969,0.9391641149228765,"121,155"
311,121.0,0.016158876163242884,0.06241083306398914,0.013263275630642727,0.8208043366786316,13.151632439148344,0.012254786707916902,5.23220902536321,0.9391392465299968,"155,123"
314,155.0,0.040318295887831763,0.2038634995774438,0.013265938986540998,0.32903025027267374,1.6139733250663713,0.005046510089848754,1.1865460413768225,0.3963929621603404,"122,123"
315,122.0,0.016158876163242884,0.06244551587635329,0.013265938986540998,0.8209691597685151,13.14696737223045,0.012256889628545188,5.23683228493705,0.9391118227284035,"155,123"
316,123.0,0.016185746464972107,0.06234324300985968,0.013265938986540998,0.8196062514169536,13.146673349785985,0.012256867061379264,5.197833984576683,0.9391357429775606,"122,155"
319,155.0,0.03413859997560366,0.2038634995774438,0.011216693772724714,0.32856337930496443,1.6116832095298628,0.004257079311023715,1.1857209986527664,0.39294527219775294,"142,143"
320,142.0,0.013692253487324231,0.05282896632730975,0.011216693772724714,0.8191999792516771,15.506644104603549,0.010493346174297872,5.238777239916197,0.9484985973070986,"155,143"
321,143.0,0.01368627573297478,0.0529183367141184,0.011216693772724714,0.8195577812085122,15.487217325745188,0.010492438825124887,5.248670015415258,0.9484108335088108,"142,155"
324,156.0,0.03572347429213475,0.20394925963736812,0.011754750849862071,0.3290483661733349,1.6133834795889879,0.004468974716306635,1.1864502599427087,0.3942692209814288,"81,82"
325,81.0,0.014319680951270234,0.05533192901481814,0.011754750849862071,0.8208807786893716,14.835571311268328,0.010962415279951543,5.273962582424023,0.9461429039907246,"156,82"
326,82.0,0.014337081543138938,0.055193671250854566,0.011754750849862071,0.8198844942391605,14.854683076122903,0.010963434684473366,5.245557981019557,0.9462475911122767,"81,156"
329,156.0,0.03572465800586731,0.20394925963736812,0.011755638635161495,0.32906231413694104,1.61345186896991,0.004469621084066681,1.186474924774324,0.39429695042413704,"83,81"
330,81.0,0.014315301210459744,0.05533192901481814,0.011755638635161495,0.8211939422254012,14.84123103688436,0.010963545404758596,5.283199477369058,0.946164778481108,"83,156"
331,83.0,0.014337081543138938,0.055143955274086845,0.011755638635161495,0.8199464165555506,14.869198491114735,0.010965035251785705,5.247638101117951,0.9463142641263851,"81,156"
334,156.0,0.035638483646136594,0.20394925963736812,0.011734805273468353,0.3292734166241798,1.6144869425348454,0.004466362919240343,1.1868483523584905,0.39467375779506414,"83,82"
335,83.0,0.014319680951270234,0.055143955274086845,0.011734805273468353,0.8194879001425944,14.86088359221644,0.010945161427552313,5.23430864453018,0.9462593826302185,"156,82"
336,82.0,0.014315301210459744,0.055193671250854566,0.011734805273468353,0.8197386210004507,14.852040141971145,0.010944691244601278,5.241313108735885,0.9462145287788213,"83,156"
339,156.0,0.03420536143012032,0.20394925963736812,0.011228353352990479,0.3282629647381271,1.6095325147136836,0.0042521952136888525,1.1850630508295497,0.39211398578100837,"141,143"
340,141.0,0.013720070760039504,0.05286737783793148,0.011228353352990479,0.8183888807405939,15.48003540575476,0.010503009188156314,5.2151686858403306,0.948412957432759,"143,156"
341,143.0,0.01370071704051207,0.0529183367141184,0.011228353352990479,0.8195449420485815,15.486974703608366,0.010503334195415801,5.248296578868141,0.9484236944482304,"141,156"
344,156.0,0.03413558150558562,0.20394925963736812,0.011226045111211976,0.328866379773699,1.6124911674523343,0.004264118535856753,1.1861285388954437,0.39326592533993904,"142,141"
345,141.0,0.013704268181709764,0.05286737783793148,0.011226045111211976,0.8191641437807443,15.494699704833996,0.010501536387257183,5.23752668283723,0.9484597485930022,"142,156"
346,142.0,0.01370071704051207,0.05282896632730975,0.011226045111211976,0.8193764660650489,15.509984825152165,0.010502250392018764,5.2438960363481755,0.9485208197169593,"141,156"
349,156.0,0.040402221191470605,0.20394925963736812,0.013276178110327684,0.3286002036227267,1.6111860577821862,0.00503617501062207,1.1856582987631927,0.39531064524119847,"121,122"
350,122.0,0.016189830277349455,0.06244551587635329,0.013276178110327684,0.8200319511009239,13.131958950017282,0.012265195806707993,5.209560751805537,0.9390530078467766,"121,156"
351,121.0,0.016196459074251816,0.06241083306398914,0.013276178110327684,0.8196963329740002,13.133879051631544,0.012265343606816822,5.200056007739492,0.939070651127305,"122,156"
354,156.0,0.04036292189554946,0.20394925963736812,0.013282747721543418,0.32908290821750485,1.6135528454608297,0.00505075968414519,1.1865113441180657,0.3962431443467773,"121,123"
355,123.0,0.016189830277349455,0.06234324300985968,0.013282747721543418,0.8204377373941208,13.160010576677369,0.012273421198274237,5.221903218318212,0.9392179991252763,"121,156"
356,121.0,0.016195571288952392,0.06241083306398914,0.013282747721543418,0.820146908346733,13.141098557454688,0.012271968625452675,5.213083402222292,0.9391123218257961,"156,123"
359,156.0,0.040318295887831763,0.20394925963736812,0.013280794593884686,0.3293987084878974,1.6151012711376573,0.0050579079977210555,1.1870700972968007,0.39684384635218645,"122,123"
360,122.0,0.016195571288952392,0.06244551587635329,0.013280794593884686,0.8200263119426985,13.131868644762433,0.012269453789833799,5.209397519403727,0.9390579554206422,"156,123"
361,123.0,0.016196459074251816,0.06234324300985968,0.013280794593884686,0.8199813633955163,13.152690232457669,0.012271054809919359,5.208664917567686,0.939181339008031,"122,156"
364,156.0,0.03413859997560366,0.20394925963736812,0.011233088207920738,0.32904361092570283,1.6133601637522914,0.004270546017840098,1.1864418512519488,0.3936129937378421,"142,143"
365,142.0,0.013720070760039504,0.05282896632730975,0.011233088207920738,0.8187339850052198,15.497823295133793,0.010508271051730304,5.225309519271802,0.9484881338406359,"143,156"
366,143.0,0.013704268181709764,0.0529183367141184,0.011233088207920738,0.8196780783167134,15.489490585179835,0.010507881129860442,5.252171529922548,0.9484377428072278,"142,156"
369,41.0,0.02748494508485659,0.04264683835684672,0.019238899295376644,0.6999795428362242,16.413398268334852,0.018066753285095955,3.1909596121992156,0.9656140127909587,"42,43"
370,43.0,0.02754862888366858,0.04256019051162297,0.019238899295376644,0.6983614094413925,16.4087942522408,0.01806642440175371,3.1741290387124694,0.9656596698418493,"41,42"
371,42.0,0.027563484491012268,0.042581023873316116,0.019238899295376644,0.697985020785378,16.391926668132054,0.018065217904233072,3.1701042730278286,0.9656099330237081,"41,43"
375,52.0,0.02857200859115753,0.04422242052057718,0.01996457499912553,0.6987459399443192,15.800716734154909,0.01870105162008982,3.1726628988926038,0.9642626524913359,"53,51"
376,53.0,0.028596689022481504,0.04424988267917268,0.01996457499912553,0.698142885822559,15.777282188166286,0.01869917486486794,3.166233533787141,0.964190379886139,"52,51"
377,51.0,0.028598405407393723,0.04423342905829003,0.01996457499912553,0.6981009855173241,15.782203649583192,0.018699569462357363,3.16584859536385,0.9642124302975866,"52,53"
381,73.0,0.020871595646703354,0.032206601606997926,0.01457175279061992,0.698161896065743,21.677602144587794,0.013899549624724193,3.2063327518244544,0.9742025993354901,"71,72"
382,72.0,0.020825312439760067,0.03227022622012329,0.01457175279061992,0.6997135256803765,21.682944547938877,0.013899715247084115,3.2226885209282843,0.9741681588689948,"71,73"
383,71.0,0.02082862683821125,0.0322344188797132,0.01457175279061992,0.6996021823141623,21.703576693124703,0.013900354108427783,3.221613221346355,0.9742162313849647,"72,73"
387,81.0,0.035638483646136594,0.05533192901481814,0.024921317068554247,0.6992810725620155,12.63793048629743,0.02294937102125046,3.1413655237247924,0.9549044679808761,"83,82"
388,83.0,0.03572347429213475,0.055143955274086845,0.024921317068554247,0.6976173947907743,12.650840719047904,0.022951383399953777,3.124703698058772,0.9550723733846228,"81,82"
389,82.0,0.03572465800586731,0.055193671250854566,0.024921317068554247,0.6975942796838319,12.639026610737206,0.022949542039029196,3.1243004522577857,0.9549969214392016,"83,81"
393,91.0,0.029621725929196045,0.04579711489900821,0.020710433022014647,0.699163616310481,15.26654283468023,0.019353843436128327,3.171833384640688,0.9630237096752967,"92,93"
394,93.0,0.029628828211591435,0.045805578452196044,0.020710433022014647,0.6989960208386601,15.260063172614476,0.019353267406921955,3.1700392274095157,0.9630020954581078,"91,92"
395,92.0,0.029617878859565207,0.045768528212366766,0.020710433022014647,0.6992544307515841,15.278062416755711,0.019354866297840174,3.1728862179826094,0.9630707879309266,"91,93"
399,111.0,0.02756105787786051,0.04257498693328003,0.019213271893066614,0.6971166338466428,16.373854322940975,0.018039860214049328,3.161035302882736,0.9655382811896819,"113,112"
400,113.0,0.02748636554133567,0.042631331706950125,0.019213271893066614,0.6990110010787903,16.396649438113414,0.01804149152625545,3.180743056139609,0.9655514297731853,"111,112"
401,112.0,0.027515129785036993,0.04262422942455473,0.019213271893066614,0.6982802568321879,16.38223766761931,0.0180404606884628,3.1730630568744944,0.9655248185367356,"111,113"
405,152.0,0.028110656163890375,0.043504202213343446,0.01963124121203527,0.6983558511612631,16.052606774319056,0.018408309541931612,3.1709409961007147,0.9648267343612397,"153,151"
406,153.0,0.02811018267839735,0.04347910748221307,0.01963124121203527,0.6983676142069991,16.062142363264822,0.018409035558016585,3.1711478527183474,0.9648643166639977,"151,152"
407,151.0,0.02810177831089614,0.04352621928876915,0.01963124121203527,0.6985764742305821,16.049555547105196,0.018408077046870825,3.173188881888773,0.9648057355517492,"153,152"
411,63.0,0.023623730074916652,0.0365138399513683,0.0165086635712158,0.6988169742400024,19.138413685625395,0.015646070472205967,3.1990055137317097,0.970680151381208,"61,62"
412,61.0,0.023630950728685297,0.03650277222796882,0.0165086635712158,0.6986034443030746,19.138366805132602,0.015646068359236247,3.1967758408655897,0.9706871988738864,"63,62"
413,62.0,0.02360313345597002,0.03656302325695637,0.0165086635712158,0.6994267774662862,19.129347498178106,0.015645661653728122,3.2053320273231587,0.970634312844099,"63,61"
417,133.0,0.028075973351526225,0.04343187730428374,0.019586496832944316,0.6976248548077348,16.062507496974515,0.01836710460314249,3.1635143890132986,0.9648318119603699,"132,131"
418,131.0,0.02806662201303896,0.04344105108571111,0.019586496832944316,0.6978572919763903,16.06446608760656,0.018367253272272545,3.1659177054822143,0.9648303385261902,"133,132"
419,132.0,0.028071534425029104,0.04347851562534679,0.019586496832944316,0.6977351695987316,16.04781487047757,0.018365988184818226,3.1645146512905042,0.9647687597839565,"133,131"
423,141.0,0.03413859997560366,0.05286737783793148,0.023847866270177806,0.6985601719818656,13.213444671368968,0.02204304800640957,3.142028803523235,0.9569897994714298,"142,143"
424,142.0,0.03420536143012032,0.05282896632730975,0.023847866270177806,0.6971967338774564,13.197243526550755,0.02204083238297252,3.1280079828774796,0.9569597552601296,"141,143"
425,143.0,0.03413558150558562,0.0529183367141184,0.023847866270177806,0.6986219428040378,13.201887779999863,0.022041468074132993,3.142503711443297,0.9569182168448613,"142,141"
429,122.0,0.04036292189554946,0.06244551587635329,0.028209022775066515,0.6988845566746973,11.191909408812316,0.025688539295021972,3.113604781508276,0.9489522259710007,"121,123"
430,123.0,0.040402221191470605,0.06234324300985968,0.028209022775066515,0.6982047507086511,11.199365272002755,0.02569021728118856,3.106930142843102,0.9490530777859275,"121,122"
431,121.0,0.040318295887831763,0.06241083306398914,0.028209022775066515,0.6996581118791809,11.210523518598594,0.025692724340986527,3.121739604163523,0.9490626901667903,"122,123"
435,102.0,0.026497372717777728,0.041005619266645546,0.018521805516188854,0.6990053585109639,17.04657486003493,0.01743526433895726,3.1860845627987247,0.9669590636665553,"103,101"
436,103.0,0.026514595752586547,0.04103260793974802,0.018521805516188854,0.6985513069488158,17.02429706575228,0.01743384250399206,3.1811960514866957,0.9668973149309913,"102,101"
437,101.0,0.02651122216844874,0.04099573525697863,0.018521805516188854,0.698640198422532,17.041777493272395,0.017434958470832186,3.1822567566182123,0.9669558565461636,"102,103"
441,121.0,0.013251793607436847,0.06241083306398914,0.010736105997303381,0.8101624818000732,12.98111949522325,0.009909050518671202,4.938903415017214,0.9353602425053904,"122,154"
442,122.0,0.013272982083249759,0.06244551587635329,0.010736105997303381,0.8088691697137251,12.953198614218282,0.009907267783897255,4.905302209587966,0.9352120439187538,"121,154"
443,123.0,0.013275704624834657,0.06234324300985968,0.010736105997303381,0.8087032892566405,12.971787321502392,0.009908455517750197,4.901583270023314,0.9353267426339962,"122,121"
444,154.0,0.028209022775066515,0.20403170529884126,0.010736105997303381,0.38059120597374424,1.86535325682006,0.004980570975692709,1.285045195318003,0.4773747899816699,"121,122"
454,121.0,0.013265938986540998,0.06241083306398914,0.010741314337726668,0.8096912211509719,12.97356855212627,0.009913376034200592,4.926673233922647,0.9353282123376726,"122,155"
455,122.0,0.013263275630642727,0.06244551587635329,0.010741314337726668,0.8098538126517207,12.968966646945328,0.009913082248760918,4.930703566547905,0.9352979691248546,"121,155"
456,123.0,0.013285174334695176,0.06234324300985968,0.010741314337726668,0.8085188848199728,12.968829431797513,0.009913073485750415,4.8968628374060374,0.9353178998991657,"121,155"
457,155.0,0.028209022775066515,0.2038634995774438,0.010741314337726668,0.38077583982174446,1.8677980149020992,0.004990524235141793,1.2856999962555935,0.47809684788978346,"121,122"
467,156.0,0.028209022775066515,0.20394925963736812,0.010742024565966206,0.38080101716465353,1.8671360604188345,0.004988815255897734,1.2856137726801027,0.4779015266873229,"121,122"
468,122.0,0.013282747721543418,0.06244551587635329,0.010742024565966206,0.808720062381642,12.950810815350891,0.009912576532238971,4.901478408019227,0.935206874299553,"121,156"
469,123.0,0.013276178110327684,0.06234324300985968,0.010742024565966206,0.8091202510766158,12.978475485284783,0.009914344567791868,4.912290393710122,0.9353674527555453,"121,156"
470,121.0,0.013280794593884686,0.06241083306398914,0.010742024565966206,0.8088389960426396,12.959913469082297,0.009913159111610139,4.904709368157253,0.9352599867627326,"122,156"
